﻿{"cameraMode":{"drawMode":0,"name":"Shaded","section":"Shading Mode"},"sceneLighting":true,"audioPlay":false,"sceneViewState":{"showFog":true,"showMaterialUpdate":false,"showSkybox":true,"showFlares":true,"showImageEffects":true,"showParticleSystems":true},"in2DMode":false,"pivot":{"x":1.1667203903198243,"y":-3.449626922607422,"z":1.406947135925293},"rotation":{"x":-0.1185951679944992,"y":0.8772771954536438,"z":-0.2803482711315155,"w":-0.3711128830909729},"size":17.7913875579834,"orthographic":false}